CN-2015-1122727,是
CN-2015-1122727,是
CN-2015-1122727,是
CN-2015-1122727,是
CN-2015-1154983,是
CN-2015-1165982,是
CN-2015-1186689,是
CN-2015-1186689,是
CN-2015-1350603,是
CN-2015-1350603,是
CN-2015-1511005,是
CN-2015-1511005,是
CN-2015-1511005,是
CN-2015-1743738,是
CN-2015-1743738,是
CN-2015-1743738,是
CN-2015-1743738,是
CN-2015-1743738,是
CN-2015-1743738,是
CN-2015-1743738,是
CN-2015-1743738,是
CN-2015-1743738,是
CN-2015-1756643,是
CN-2015-1787632,是
CN-2015-1928578,是
CN-2015-1928578,是
CN-2015-1928578,是
CN-2015-1928578,是
CN-2015-2098822,是
CN-2015-2098822,是
CN-2015-2098822,是
CN-2015-2098822,是
CN-2015-2098822,是
CN-2015-2098822,是
CN-2015-2098822,是
CN-2015-2234207,是
CN-2015-2265001,是
CN-2015-2386979,是
CN-2015-2386979,是
CN-2015-2577941,是
CN-2015-2622245,是
CN-2015-2665116,是
CN-2015-2698139,是
CN-2015-2698139,是
CN-2015-2698139,是
CN-2015-2698139,是
CN-2015-2698139,是
CN-2015-2706465,是
CN-2015-2706465,是
CN-2015-2823186,是
CN-2015-2823186,是
CN-2015-2823186,是
CN-2015-2823186,是
CN-2015-2977814,是
CN-2015-2977814,是
CN-2015-2977814,是
CN-2015-2977814,是
CN-2015-2989709,是
CN-2015-2989709,是
CN-2015-3025510,是
CN-2015-3025510,是
CN-2015-3103245,是
CN-2015-3103245,是
CN-2015-3103245,是
CN-2015-3103245,是
CN-2015-3174894,是
CN-2015-3174894,是
CN-2015-3189070,是
CN-2015-3189070,是
CN-2015-3189070,是
CN-2015-3189070,是
CN-2015-3189070,是
CN-2015-3197896,是
CN-2015-3409532,是
CN-2015-3409532,是
CN-2015-3483704,是
CN-2015-3550359,是
CN-2015-3550359,是
CN-2015-3550359,是
CN-2015-3550359,是
CN-2015-3694355,是
CN-2015-3694355,是
CN-2015-3694355,是
CN-2015-3702485,是
CN-2015-3702485,是
CN-2015-3813285,是
CN-2015-3813285,是
CN-2015-3813285,是
CN-2015-3874208,是
CN-2015-3898543,是
CN-2015-3898543,是
CN-2015-4027651,是
CN-2015-4080057,是
CN-2015-4080057,是
CN-2015-4080057,是
CN-2015-4080057,是
CN-2015-4080057,是
CN-2015-4080057,是
CN-2015-4180783,是
CN-2015-4180783,是
CN-2015-4180783,是
CN-2015-4180783,是
CN-2015-4180783,是
CN-2015-4180783,是
CN-2015-4225447,是
CN-2015-4360038,是
CN-2015-4980108,是
CN-2015-4980108,是
CN-2015-5027699,是
CN-2015-5027699,是
CN-2015-5027699,是
CN-2015-5027699,是
CN-2015-5027699,是
CN-2015-5027699,是
CN-2015-5093470,是
CN-2015-5105254,是
CN-2015-5105254,是
CN-2015-5105254,是
CN-2015-5105254,是
CN-2015-5199872,是
CN-2015-5199872,是
CN-2015-5463213,是
CN-2015-5671165,是
CN-2015-5671165,是
CN-2015-5671165,是
CN-2015-5687295,是
CN-2015-5687295,是
CN-2015-5687295,是
CN-2015-5687295,是
CN-2015-5687295,是
CN-2015-5687295,是
CN-2015-5687295,是
CN-2015-5687295,是
CN-2015-5687295,是
CN-2015-5687295,是
CN-2015-5743460,是
CN-2015-5792032,是
CN-2015-5821791,是
CN-2015-5821791,是
CN-2015-5821791,是
CN-2015-5896840,是
CN-2015-5908054,是
CN-2015-5908054,是
CN-2015-5908054,是
CN-2015-5908054,是
CN-2015-5908054,是
CN-2015-5908054,是
CN-2016-1017090,是
CN-2016-1017090,是
CN-2016-1017090,是
CN-2016-1017090,是
CN-2016-1017090,是
CN-2016-1123287,是
CN-2016-1182921,是
CN-2016-1182921,是
CN-2016-1182921,是
CN-2016-1182921,是
CN-2016-1182921,是
CN-2016-1182921,是
CN-2016-1196810,是
CN-2016-1196810,是
CN-2016-1196810,是
CN-2016-1301703,是
CN-2016-1301703,是
CN-2016-1301703,是
CN-2016-1301703,是
CN-2016-1301703,是
CN-2016-1363241,是
CN-2016-1397931,是
CN-2016-1397931,是
CN-2016-1397931,是
CN-2016-1397931,是
CN-2016-1734605,是
CN-2016-1734605,是
CN-2016-1734605,是
CN-2016-1734605,是
CN-2016-1734605,是
CN-2016-1751343,是
CN-2016-1911148,是
CN-2016-1973789,是
CN-2016-1973789,是
CN-2016-2162302,是
CN-2016-2265001,是
CN-2016-2265001,是
CN-2016-2306215,是
CN-2016-2306215,是
CN-2016-2306215,是
CN-2016-2306215,是
CN-2016-2306215,是
CN-2016-2306215,是
CN-2016-2306215,是
CN-2016-2306215,是
CN-2016-2506507,是
CN-2016-2506507,是
CN-2016-2506507,是
CN-2016-2547654,是
CN-2016-2547654,是
CN-2016-2547654,是
CN-2016-2547654,是
CN-2016-2571041,是
CN-2016-2571041,是
CN-2016-2571041,是
CN-2016-2577941,是
CN-2016-2577941,是
CN-2016-2588842,是
CN-2016-2588842,是
CN-2016-2662386,是
CN-2016-2662386,是
CN-2016-2662386,是
CN-2016-2662386,是
CN-2016-2662386,是
CN-2016-2662386,是
CN-2016-2662386,是
CN-2016-2852208,是
CN-2016-2852208,是
CN-2016-2852208,是
CN-2016-2852208,是
CN-2016-2852208,是
CN-2016-2852208,是
CN-2016-3133210,是
CN-2016-3133210,是
CN-2016-3133210,是
CN-2016-3133210,是
CN-2016-3188485,是
CN-2016-3188485,是
CN-2016-3240329,是
CN-2016-3240329,是
CN-2016-3342061,是
CN-2016-3436186,是
CN-2016-3436186,是
CN-2016-3436186,是
CN-2016-3490090,是
CN-2016-3490090,是
CN-2016-3490090,是
CN-2016-3490090,是
CN-2016-3490090,是
CN-2016-3569535,是
CN-2016-3589017,是
CN-2016-3656854,是
CN-2016-3656854,是
CN-2016-3656854,是
CN-2016-3656854,是
CN-2016-3656854,是
CN-2016-3656854,是
CN-2016-3656854,是
CN-2016-3656854,是
CN-2016-3722391,是
CN-2016-3722391,是
CN-2016-3874208,是
CN-2016-3900153,是
CN-2016-4080706,是
CN-2016-4080706,是
CN-2016-4171126,是
CN-2016-4171126,是
CN-2016-4171126,是
CN-2016-4171126,是
CN-2016-4171126,是
CN-2016-4171126,是
CN-2016-4171126,是
CN-2016-4171126,是
CN-2016-4171126,是
CN-2016-4171126,是
CN-2016-4240650,是
CN-2016-4240650,是
CN-2016-4240650,是
CN-2016-4240650,是
CN-2016-4240650,是
CN-2016-4261740,是
CN-2016-4292548,是
CN-2016-4292548,是
CN-2016-4292548,是
CN-2016-4292548,是
CN-2016-4292548,是
CN-2016-4292548,是
CN-2016-4292548,是
CN-2016-4292548,是
CN-2016-4292548,是
CN-2016-4292548,是
CN-2016-4292548,是
CN-2016-4292548,是
CN-2016-4292548,是
CN-2016-4292548,是
CN-2016-4292548,是
CN-2016-4292548,是
CN-2016-4292548,是
CN-2016-4439307,是
CN-2016-4439307,是
CN-2016-4439307,是
CN-2016-4497736,是
CN-2016-4497736,是
CN-2016-4497736,是
CN-2016-4497736,是
CN-2016-4497736,是
CN-2016-4896054,是
CN-2016-4896054,是
CN-2016-4978724,是
CN-2016-4978724,是
CN-2016-4978724,是
CN-2016-5022660,是
CN-2016-5022660,是
CN-2016-5022660,是
CN-2016-5022660,是
CN-2016-5022660,是
CN-2016-5022660,是
CN-2016-5022660,是
CN-2016-5022660,是
CN-2016-5088117,是
CN-2016-5088117,是
CN-2016-5172330,是
CN-2016-5278404,是
CN-2016-5278404,是
CN-2016-5278404,是
CN-2016-5308381,是
CN-2016-5308381,是
CN-2016-5308381,是
CN-2016-5308381,是
CN-2016-5308381,是
CN-2016-5450028,是
CN-2016-5450028,是
CN-2016-5493255,是
CN-2016-5544334,是
CN-2016-5544334,是
CN-2016-5544334,是
CN-2016-5544334,是
CN-2016-5631342,是
CN-2016-5631342,是
CN-2016-5631342,是
CN-2016-5698942,是
CN-2016-5728538,是
CN-2016-5728538,是
CN-2016-5740094,是
CN-2016-5740094,是
CN-2016-5740094,是
CN-2016-5740094,是
CN-2016-5740094,是
CN-2016-5740094,是
CN-2016-5869022,是
CN-2016-5869022,是
CN-2016-5869022,是
CN-2016-5869022,是
CN-2016-5869022,是
CN-2016-5869022,是
CN-2016-5869022,是
CN-2016-5869022,是
CN-2016-5869022,是
CN-2016-5895003,是
CN-2016-5895003,是
CN-2016-5895003,是
CN-2016-5895003,是
CN-2017-1069751,是
CN-2017-1069751,是
CN-2017-1069751,是
CN-2017-1156969,是
CN-2017-1156969,是
CN-2017-1156969,是
CN-2017-1156969,是
CN-2017-1156969,是
CN-2017-1156969,是
CN-2017-1156969,是
CN-2017-1156969,是
CN-2017-1156969,是
CN-2017-1156969,是
CN-2017-1156969,是
CN-2017-1165982,是
CN-2017-1165982,是
CN-2017-1165982,是
CN-2017-1184235,是
CN-2017-1261828,是
CN-2017-1300278,是
CN-2017-1300278,是
CN-2017-1300278,是
CN-2017-1300278,是
CN-2017-1300278,是
CN-2017-1300278,是
CN-2017-1300278,是
CN-2017-1300278,是
CN-2017-1300278,是
CN-2017-1300278,是
CN-2017-1300278,是
CN-2017-1321997,是
CN-2017-1321997,是
CN-2017-1321997,是
CN-2017-1349856,是
CN-2017-1391849,是
CN-2017-1391849,是
CN-2017-1391849,是
CN-2017-1391849,是
CN-2017-1391849,是
CN-2017-1391849,是
CN-2017-1397931,是
CN-2017-1397931,是
CN-2017-1397931,是
CN-2017-1397931,是
CN-2017-1398732,是
CN-2017-1510100,是
CN-2017-1510100,是
CN-2017-1510100,是
CN-2017-1510100,是
CN-2017-1510100,是
CN-2017-1510100,是
CN-2017-1510100,是
CN-2017-1510100,是
CN-2017-1510100,是
CN-2017-1510100,是
CN-2017-1510100,是
CN-2017-1730893,是
CN-2017-1730893,是
CN-2017-1785047,是
CN-2017-1785047,是
CN-2017-1785047,是
CN-2017-1860599,是
CN-2017-1860599,是
CN-2017-2121055,是
CN-2017-2187292,是
CN-2017-2187292,是
CN-2017-2187292,是
CN-2017-2575295,是
CN-2017-2575295,是
CN-2017-2681471,是
CN-2017-2681471,是
CN-2017-2737126,是
CN-2017-2737126,是
CN-2017-2737126,是
CN-2017-2737126,是
CN-2017-2737126,是
CN-2017-2737126,是
CN-2017-2828982,是
CN-2017-2828982,是
CN-2017-2828982,是
CN-2017-2828982,是
CN-2017-2828982,是
CN-2017-2828982,是
CN-2017-2828982,是
CN-2017-2828982,是
CN-2017-2900587,是
CN-2017-2900587,是
CN-2017-2900587,是
CN-2017-2919347,是
CN-2017-2919347,是
CN-2017-2919347,是
CN-2017-2990089,是
CN-2017-2990089,是
CN-2017-2990089,是
CN-2017-3022026,是
CN-2017-3022026,是
CN-2017-3022026,是
CN-2017-3028018,是
CN-2017-3028018,是
CN-2017-3028018,是
CN-2017-3064620,是
CN-2017-3064620,是
CN-2017-3064620,是
CN-2017-3064620,是
CN-2017-3103245,是
CN-2017-3103245,是
CN-2017-3103245,是
CN-2017-3103245,是
CN-2017-3200743,是
CN-2017-3200743,是
CN-2017-3211633,是
CN-2017-3211633,是
CN-2017-3211633,是
CN-2017-3211633,是
CN-2017-3211633,是
CN-2017-3211633,是
CN-2017-3211633,是
CN-2017-3211633,是
CN-2017-3211633,是
CN-2017-3211633,是
CN-2017-3211633,是
CN-2017-3245528,是
CN-2017-3245528,是
CN-2017-3350819,是
CN-2017-3350819,是
CN-2017-3360134,是
CN-2017-3360134,是
CN-2017-3367931,是
CN-2017-3367931,是
CN-2017-3382200,是
CN-2017-3455141,是
CN-2017-3455141,是
CN-2017-3455141,是
CN-2017-3455141,是
CN-2017-3455141,是
CN-2017-3455141,是
CN-2017-3704015,是
CN-2017-3704015,是
CN-2017-3704015,是
CN-2017-3737485,是
CN-2017-3865865,是
CN-2017-3865865,是
CN-2017-3865865,是
CN-2017-3865865,是
CN-2017-3865865,是
CN-2017-3865865,是
CN-2017-3865865,是
CN-2017-3865865,是
CN-2017-3865865,是
CN-2017-3874208,是
CN-2017-3983836,是
CN-2017-4015472,是
CN-2017-4015472,是
CN-2017-4027651,是
CN-2017-4027651,是
CN-2017-4027651,是
CN-2017-4114478,是
CN-2017-4114478,是
CN-2017-4114478,是
CN-2017-4126497,是
CN-2017-4126497,是
CN-2017-4173591,是
CN-2017-4690757,是
CN-2017-4690757,是
CN-2017-4690757,是
CN-2017-4690757,是
CN-2017-4690757,是
CN-2017-4690757,是
CN-2017-4690757,是
CN-2017-4690757,是
CN-2017-4757147,是
CN-2017-4757147,是
CN-2017-4757147,是
CN-2017-4980108,是
CN-2017-4980108,是
CN-2017-4992845,是
CN-2017-4992845,是
CN-2017-4992845,是
CN-2017-5278404,是
CN-2017-5278404,是
CN-2017-5278404,是
CN-2017-5278404,是
CN-2017-5278404,是
CN-2017-5278404,是
CN-2017-5313470,是
CN-2017-5313470,是
CN-2017-5533473,是
CN-2017-5533473,是
CN-2017-5533473,是
CN-2017-5533473,是
CN-2017-5533473,是
CN-2017-5533473,是
CN-2017-5533473,是
CN-2017-5569845,是
CN-2017-5569845,是
CN-2017-5569845,是
CN-2017-5569845,是
CN-2017-5569845,是
CN-2017-5569845,是
CN-2017-5579979,是
CN-2017-5579979,是
CN-2017-5579979,是
CN-2017-5616321,是
CN-2017-5616321,是
CN-2017-5642637,是
CN-2017-5642637,是
CN-2017-5642637,是
CN-2017-5642637,是
CN-2017-5642637,是
CN-2017-5642637,是
CN-2017-5642637,是
CN-2017-5672005,是
CN-2017-5784606,是
CN-2017-5784606,是
CN-2017-5784606,是
CN-2017-5784606,是
CN-2017-5784606,是
CN-2017-5784606,是
CN-2017-5816959,是
CN-2017-5816959,是
CN-2017-5816959,是
CN-2017-5816959,是
CN-2017-5873075,是
CN-2017-5873075,是
CN-2017-5873075,是
CN-2017-5873075,是
CN-2017-5873075,是
CN-2017-5873075,是
CN-2017-5873075,是
CN-2017-5873075,是
CN-2017-5873075,是
CN-2017-5873075,是
CN-2017-5873075,是
CN-2017-5873075,是
CN-2017-5873075,是
CN-2017-5873075,是
CN-2017-5873075,是
CN-2018-1090625,是
CN-2018-1090625,是
CN-2018-1090625,是
CN-2018-1090625,是
CN-2018-1090625,是
CN-2018-1090625,是
CN-2018-1090625,是
CN-2018-1090625,是
CN-2018-1118317,是
CN-2018-1118317,是
CN-2018-1129627,是
CN-2018-1129627,是
CN-2018-1129627,是
CN-2018-1129627,是
CN-2018-1150523,是
CN-2018-1150523,是
CN-2018-1150523,是
CN-2018-1150523,是
CN-2018-1150523,是
CN-2018-1150523,是
CN-2018-1150523,是
CN-2018-1150523,是
CN-2018-1151037,是
CN-2018-1151037,是
CN-2018-1151037,是
CN-2018-1151037,是
CN-2018-1151037,是
CN-2018-1154983,是
CN-2018-1154983,是
CN-2018-1154983,是
CN-2018-1255631,是
CN-2018-1516102,是
CN-2018-1516102,是
CN-2018-1516102,是
CN-2018-1516102,是
CN-2018-1516102,是
CN-2018-1608087,是
CN-2018-1608087,是
CN-2018-1608087,是
CN-2018-1608087,是
CN-2018-1608087,是
CN-2018-1608087,是
CN-2018-1619603,是
CN-2018-1619603,是
CN-2018-1619603,是
CN-2018-1619603,是
CN-2018-1698598,是
CN-2018-1698598,是
CN-2018-1787632,是
CN-2018-1787632,是
CN-2018-1797152,是
CN-2018-1797152,是
CN-2018-1797152,是
CN-2018-1797152,是
CN-2018-1830721,是
CN-2018-1830721,是
CN-2018-1830721,是
CN-2018-1830721,是
CN-2018-1860599,是
CN-2018-1860599,是
CN-2018-1860599,是
CN-2018-1860599,是
CN-2018-1893791,是
CN-2018-1893791,是
CN-2018-1904299,是
CN-2018-1904299,是
CN-2018-1904299,是
CN-2018-1904299,是
CN-2018-2018203,是
CN-2018-2018203,是
CN-2018-2018203,是
CN-2018-2055991,是
CN-2018-2055991,是
CN-2018-2055991,是
CN-2018-2055991,是
CN-2018-2055991,是
CN-2018-2055991,是
CN-2018-2055991,是
CN-2018-2136895,是
CN-2018-2171205,是
CN-2018-2257547,是
CN-2018-2257547,是
CN-2018-2257547,是
CN-2018-2257547,是
CN-2018-2257547,是
CN-2018-2372663,是
CN-2018-2372663,是
CN-2018-2372663,是
CN-2018-2372663,是
CN-2018-2372663,是
CN-2018-2372663,是
CN-2018-2372663,是
CN-2018-2372663,是
CN-2018-2372663,是
CN-2018-2372663,是
CN-2018-2372663,是
CN-2018-2372663,是
CN-2018-2372663,是
CN-2018-2372663,是
CN-2018-2372663,是
CN-2018-2372663,是
CN-2018-2372663,是
CN-2018-2372663,是
CN-2018-2560726,是
CN-2018-2560726,是
CN-2018-2560726,是
CN-2018-2560726,是
CN-2018-2560726,是
CN-2018-2560726,是
CN-2018-2560726,是
CN-2018-2560726,是
CN-2018-2640851,是
CN-2018-2665116,是
CN-2018-2875530,是
CN-2018-2875530,是
CN-2018-2875530,是
CN-2018-2875530,是
CN-2018-2875530,是
CN-2018-2875530,是
CN-2018-2875530,是
CN-2018-2875530,是
CN-2018-2875530,是
CN-2018-2875530,是
CN-2018-2936253,是
CN-2018-2938026,是
CN-2018-2938026,是
CN-2018-2938026,是
CN-2018-2938026,是
CN-2018-2938026,是
CN-2018-2989709,是
CN-2018-3006635,是
CN-2018-3006635,是
CN-2018-3006635,是
CN-2018-3097655,是
CN-2018-3103245,是
CN-2018-3230180,是
CN-2018-3230180,是
CN-2018-3230180,是
CN-2018-3230180,是
CN-2018-3230180,是
CN-2018-3230180,是
CN-2018-3230180,是
CN-2018-3230180,是
CN-2018-3230180,是
CN-2018-3230180,是
CN-2018-3230180,是
CN-2018-3258425,是
CN-2018-3269021,是
CN-2018-3281446,是
CN-2018-3281446,是
CN-2018-3281446,是
CN-2018-3281446,是
CN-2018-3281446,是
CN-2018-3281446,是
CN-2018-3281446,是
CN-2018-3281446,是
CN-2018-3360134,是
CN-2018-3360134,是
CN-2018-3360134,是
CN-2018-3360134,是
CN-2018-3360134,是
CN-2018-3360134,是
CN-2018-3361827,是
CN-2018-3361827,是
CN-2018-3361827,是
CN-2018-3361827,是
CN-2018-3361827,是
CN-2018-3490468,是
CN-2018-3490468,是
CN-2018-3490468,是
CN-2018-3704015,是
CN-2018-3704015,是
CN-2018-3704015,是
CN-2018-3704015,是
CN-2018-3857264,是
CN-2018-3904829,是
CN-2018-3904829,是
CN-2018-3904829,是
CN-2018-3904829,是
CN-2018-3904829,是
CN-2018-3904829,是
CN-2018-3904829,是
CN-2018-3964185,是
CN-2018-3964185,是
CN-2018-4159546,是
CN-2018-4159546,是
CN-2018-4159546,是
CN-2018-4159546,是
CN-2018-4159546,是
CN-2018-4159546,是
CN-2018-4159546,是
CN-2018-4159546,是
CN-2018-4159546,是
CN-2018-4159546,是
CN-2018-4161431,是
CN-2018-4161431,是
CN-2018-4161431,是
CN-2018-4161431,是
CN-2018-4161431,是
CN-2018-4161431,是
CN-2018-4161431,是
CN-2018-4178476,是
CN-2018-4178476,是
CN-2018-4178476,是
CN-2018-4178476,是
CN-2018-4178476,是
CN-2018-4178476,是
CN-2018-4178476,是
CN-2018-4230867,是
CN-2018-4230867,是
CN-2018-4242366,是
CN-2018-4242366,是
CN-2018-4242366,是
CN-2018-4242366,是
CN-2018-4439307,是
CN-2018-4439307,是
CN-2018-4439307,是
CN-2018-4439307,是
CN-2018-4461870,是
CN-2018-4461870,是
CN-2018-4461870,是
CN-2018-4461870,是
CN-2018-4461870,是
CN-2018-4461870,是
CN-2018-4461870,是
CN-2018-4461870,是
CN-2018-4505574,是
CN-2018-4505574,是
CN-2018-4505574,是
CN-2018-4505574,是
CN-2018-4505574,是
CN-2018-4590873,是
CN-2018-4590873,是
CN-2018-4596452,是
CN-2018-4596452,是
CN-2018-4596452,是
CN-2018-4596452,是
CN-2018-4596452,是
CN-2018-4596452,是
CN-2018-4596452,是
CN-2018-4596452,是
CN-2018-4596452,是
CN-2018-4619981,是
CN-2018-4619981,是
CN-2018-4619981,是
CN-2018-4647823,是
CN-2018-4647823,是
CN-2018-4647823,是
CN-2018-4647823,是
CN-2018-4794169,是
CN-2018-4794169,是
CN-2018-4794169,是
CN-2018-4794169,是
CN-2018-4794169,是
CN-2018-4794169,是
CN-2018-4795502,是
CN-2018-4795502,是
CN-2018-4795502,是
CN-2018-4795502,是
CN-2018-4795502,是
CN-2018-4795502,是
CN-2018-4836537,是
CN-2018-4836537,是
CN-2018-4836537,是
CN-2018-4836537,是
CN-2018-4836537,是
CN-2018-4836537,是
CN-2018-4836537,是
CN-2018-4836537,是
CN-2018-4836537,是
CN-2018-4836537,是
CN-2018-4921616,是
CN-2018-4985754,是
CN-2018-4985754,是
CN-2018-4985754,是
CN-2018-4985754,是
CN-2018-4985754,是
CN-2018-4985754,是
CN-2018-5057492,是
CN-2018-5057492,是
CN-2018-5057492,是
CN-2018-5088117,是
CN-2018-5088117,是
CN-2018-5088117,是
CN-2018-5088117,是
CN-2018-5094467,是
CN-2018-5165630,是
CN-2018-5340374,是
CN-2018-5340374,是
CN-2018-5340374,是
CN-2018-5340374,是
CN-2018-5380288,是
CN-2018-5380288,是
CN-2018-5380288,是
CN-2018-5380288,是
CN-2018-5380288,是
CN-2018-5631342,是
CN-2018-5631342,是
CN-2018-5631342,是
CN-2018-5631342,是
CN-2018-5631342,是
CN-2018-5631342,是
CN-2018-5631342,是
CN-2018-5631342,是
CN-2018-5631342,是
CN-2018-5631342,是
CN-2018-5631342,是
CN-2018-5631342,是
CN-2018-5631342,是
CN-2018-5631342,是
CN-2018-5631342,是
CN-2018-5631342,是
CN-2018-5631342,是
CN-2018-5631342,是
CN-2018-5679752,是
CN-2018-5679752,是
CN-2018-5679752,是
CN-2018-5679752,是
CN-2018-5679752,是
CN-2018-5679752,是
CN-2018-5679752,是
CN-2018-5687295,是
CN-2018-5687295,是
CN-2018-5763224,是
CN-2018-5763224,是
CN-2018-5816959,是
CN-2018-5816959,是
CN-2018-5816959,是
CN-2018-5816959,是
CN-2018-5816959,是
CN-2018-5816959,是
CN-2018-5816959,是
CN-2018-5816959,是
CN-2018-5816959,是
CN-2018-5816959,是
CN-2018-5816959,是
CN-2018-5816959,是
CN-2018-5922906,是
CN-2018-5922906,是
CN-2018-5922906,是
CN-2018-5922906,是
CN-2018-5922906,是
CN-2018-5927801,是
CN-2018-5927801,是
CN-2018-5927801,是
CN-2018-5927801,是
CN-2018-5927801,是
CN-2018-5927801,是
CN-2018-5927801,是
CN-2018-5927801,是
CN-2018-5927801,是
CN-2018-5929986,是
CN-2018-5929986,是
CN-2018-5929986,是
CN-2018-5929986,是
CN-2018-5929986,是
CN-2018-5929986,是
CN-2018-5929986,是
CN-2018-5929986,是
CN-2018-5929986,是
CN-2018-5929986,是
CN-2018-5929986,是
CN-2018-5929986,是
CN-2018-5929986,是
CN-2018-5929986,是
CN-2018-5929986,是
CN-2018-5948224,是
CN-2018-5948224,是
CN-2018-5948224,是
CN-2018-5948224,是
CN-2018-5948224,是
CN-2018-5948224,是
CN-2018-5948224,是
CN-2018-5956361,是
CN-2018-5956361,是
CN-2018-5956361,是
CN-2018-5956361,是
CN-2018-5956361,是
CN-2018-5956361,是
CN-2018-5956361,是
CN-2018-5956361,是
CN-2018-5956361,是
CN-2018-5956361,是
CN-2018-5956361,是
CN-2018-5956361,是
CN-2018-5956361,是
US-2015-2199283,是
US-2015-2199283,是
US-2015-4825687,是
US-2015-4825687,是
US-2015-4825687,是
US-2015-4825687,是
US-2015-4825687,是
US-2015-4833083,是
US-2015-5353587,是
US-2015-5360498,是
US-2015-5360498,是
US-2015-5360498,是
US-2015-5586841,是
US-2015-5712655,是
US-2015-5712655,是
US-2016-1031662,是
US-2016-1031662,是
US-2016-1031662,是
US-2016-2501800,是
US-2016-2501800,是
US-2016-2642546,是
US-2016-2642546,是
US-2016-2666353,是
US-2016-2666353,是
US-2016-3360468,是
US-2016-3360468,是
US-2016-3360468,是
US-2016-3360468,是
US-2016-3360468,是
US-2016-3360468,是
US-2016-3360468,是
US-2016-3360468,是
US-2016-3360468,是
US-2016-3964185,是
US-2016-3964185,是
US-2016-3964185,是
US-2016-3964185,是
US-2016-4070986,是
US-2017-1538609,是
US-2017-1538609,是
US-2017-1538609,是
US-2017-1538609,是
US-2017-1538609,是
US-2017-1538609,是
US-2017-1538609,是
US-2017-1815663,是
US-2017-1815663,是
US-2017-1815663,是
US-2017-1815663,是
US-2017-1815663,是
US-2017-1815663,是
US-2017-1815663,是
US-2017-1815663,是
US-2017-1815663,是
US-2017-1964482,是
US-2017-1964482,是
US-2017-1964482,是
US-2017-1964482,是
US-2017-1964482,是
US-2017-1964482,是
US-2017-1964482,是
US-2017-1964482,是
US-2017-1964482,是
US-2017-1964482,是
US-2017-1964482,是
US-2017-2756371,是
US-2017-2756371,是
US-2017-2756371,是
US-2017-2756371,是
US-2017-2877300,是
US-2017-2877300,是
US-2017-2877300,是
US-2017-2877300,是
US-2017-2877300,是
US-2017-2877300,是
US-2017-2877300,是
US-2017-2877300,是
US-2017-2977814,是
US-2017-2977814,是
US-2017-2977814,是
US-2017-3057386,是
US-2017-3057386,是
US-2017-3057386,是
US-2017-3057386,是
US-2017-3122687,是
US-2017-3122687,是
US-2017-3122687,是
US-2017-3122687,是
US-2017-3503696,是
US-2017-3503696,是
US-2017-3503696,是
US-2017-3678373,是
US-2017-3678373,是
US-2017-4479623,是
US-2017-4479623,是
US-2017-4479623,是
US-2017-4479623,是
US-2017-4479623,是
US-2017-4479623,是
US-2017-4479623,是
US-2017-4479623,是
US-2017-4479623,是
US-2017-4764837,是
US-2017-4764837,是
US-2017-4764837,是
US-2017-4774798,是
US-2017-4774798,是
US-2017-4774798,是
US-2017-5386927,是
US-2017-5386927,是
US-2017-5386927,是
US-2017-5630783,是
US-2017-5630783,是
US-2017-5630783,是
US-2017-5630783,是
US-2017-5779998,是
US-2017-5779998,是
US-2017-5779998,是
US-2017-5779998,是
US-2017-5779998,是
US-2017-5779998,是
US-2017-5779998,是
US-2017-5844938,是
US-2017-5844938,是
US-2017-5844938,是
US-2017-5844938,是
US-2017-5844938,是
US-2018-1070056,是
US-2018-1070056,是
US-2018-1070056,是
US-2018-1070056,是
US-2018-1850111,是
US-2018-1850111,是
US-2018-1850111,是
US-2018-1850111,是
US-2018-2265001,是
US-2018-2776676,是
US-2018-2776676,是
US-2018-2776676,是
US-2018-2776676,是
US-2018-2776676,是
US-2018-2776676,是
US-2018-2776676,是
US-2018-3025510,是
US-2018-3025510,是
US-2018-3404134,是
US-2018-3404134,是
US-2018-3420308,是
US-2018-3772912,是
US-2018-3772912,是
US-2018-3772912,是
US-2018-3772912,是
US-2018-3772912,是
US-2018-3772912,是
US-2018-3772912,是
US-2018-4215575,是
US-2018-4339927,是
US-2018-4339927,是
US-2018-4339927,是
US-2018-4339927,是
US-2018-4339927,是
US-2018-4339927,是
US-2018-4386495,是
US-2018-4386495,是
US-2018-4386495,是
US-2018-4386495,是
US-2018-4386495,是
US-2018-4448319,是
US-2018-4448319,是
US-2018-4448319,是
US-2018-4752200,是
US-2018-4752200,是
US-2018-4752200,是
US-2018-4988987,是
US-2018-4988987,是
US-2018-4988987,是
US-2018-5199872,是
US-2018-5199872,是
US-2018-5252007,是
US-2018-5252007,是
US-2018-5252007,是
US-2018-5315398,是
US-2018-5315398,是
US-2018-5315398,是
US-2018-5315398,是
US-2018-5315398,是
US-2018-5315398,是
US-2018-5315398,是
US-2018-5315398,是
US-2018-5784606,是
US-2018-5784606,是
