<?xml version="1.0" encoding="UTF-8"?>
<EDITS>
    <EDITS_VERSION>-63</EDITS_VERSION>
    <RECORD>
        <OPCODE>OP_START_LOG_SEGMENT</OPCODE>
        <DATA>
            <TXID>129</TXID>
        </DATA>
    </RECORD>
    <RECORD>
        <OPCODE>OP_ADD</OPCODE>
        <DATA>
            <TXID>130</TXID>
            <LENGTH>0</LENGTH>
            <INODEID>16407</INODEID>
            <PATH>/hello7.txt</PATH>
            <REPLICATION>2</REPLICATION>
            <MTIME>1512943607866</MTIME>
            <ATIME>1512943607866</ATIME>
            <BLOCKSIZE>134217728</BLOCKSIZE>
            <CLIENT_NAME>DFSClient_NONMAPREDUCE_-1544295051_1</CLIENT_NAME>
            <CLIENT_MACHINE>192.168.1.5</CLIENT_MACHINE>
            <OVERWRITE>true</OVERWRITE>
            <PERMISSION_STATUS>
                <USERNAME>atguigu</USERNAME>
                <GROUPNAME>supergroup</GROUPNAME>
                <MODE>420</MODE>
            </PERMISSION_STATUS>
            <RPC_CLIENTID>908eafd4-9aec-4288-96f1-e8011d181561</RPC_CLIENTID>
            <RPC_CALLID>0</RPC_CALLID>
        </DATA>
    </RECORD>
    <RECORD>
        <OPCODE>OP_ALLOCATE_BLOCK_ID</OPCODE>
        <DATA>
            <TXID>131</TXID>
            <BLOCK_ID>1073741839</BLOCK_ID>
        </DATA>
    </RECORD>
    <RECORD>
        <OPCODE>OP_SET_GENSTAMP_V2</OPCODE>
        <DATA>
            <TXID>132</TXID>
            <GENSTAMPV2>1016</GENSTAMPV2>
        </DATA>
    </RECORD>
    <RECORD>
        <OPCODE>OP_ADD_BLOCK</OPCODE>
        <DATA>
            <TXID>133</TXID>
            <PATH>/hello7.txt</PATH>
            <BLOCK>
                <BLOCK_ID>1073741839</BLOCK_ID>
                <NUM_BYTES>0</NUM_BYTES>
                <GENSTAMP>1016</GENSTAMP>
            </BLOCK>
            <RPC_CLIENTID></RPC_CLIENTID>
            <RPC_CALLID>-2</RPC_CALLID>
        </DATA>
    </RECORD>
    <RECORD>
        <OPCODE>OP_CLOSE</OPCODE>
        <DATA>
            <TXID>134</TXID>
            <LENGTH>0</LENGTH>
            <INODEID>0</INODEID>
            <PATH>/hello7.txt</PATH>
            <REPLICATION>2</REPLICATION>
            <MTIME>1512943608761</MTIME>
            <ATIME>1512943607866</ATIME>
            <BLOCKSIZE>134217728</BLOCKSIZE>
            <CLIENT_NAME></CLIENT_NAME>
            <CLIENT_MACHINE></CLIENT_MACHINE>
            <OVERWRITE>false</OVERWRITE>
            <BLOCK>
                <BLOCK_ID>1073741839</BLOCK_ID>
                <NUM_BYTES>25</NUM_BYTES>
                <GENSTAMP>1016</GENSTAMP>
            </BLOCK>
            <PERMISSION_STATUS>
                <USERNAME>atguigu</USERNAME>
                <GROUPNAME>supergroup</GROUPNAME>
                <MODE>420</MODE>
            </PERMISSION_STATUS>
        </DATA>
    </RECORD>
</EDITS>
